{"cameraMode":{"drawMode":0,"name":"Shaded","section":"Shading Mode"},"sceneLighting":false,"audioPlay":false,"sceneViewState":{"m_AlwaysRefresh":false,"showFog":true,"showSkybox":false,"showFlares":true,"showImageEffects":true,"showParticleSystems":true,"showVisualEffectGraphs":true,"m_FxEnabled":true},"in2DMode":false,"pivot":{"x":-0.03906339406967163,"y":-0.19988203048706056,"z":-0.04216131567955017},"rotation":{"x":-0.1430874466896057,"y":0.6507539749145508,"z":-0.1267113834619522,"w":-0.7348471283912659},"size":1.307447910308838,"orthographic":false}