{"cameraMode":{"drawMode":0,"name":"Shaded","section":"Shading Mode"},"sceneLighting":false,"audioPlay":false,"sceneViewState":{"m_AlwaysRefresh":false,"showFog":true,"showSkybox":false,"showFlares":true,"showImageEffects":true,"showParticleSystems":true,"showVisualEffectGraphs":true,"m_FxEnabled":true},"in2DMode":false,"pivot":{"x":-0.09846735000610352,"y":0.9075570106506348,"z":-0.17279362678527833},"rotation":{"x":0.036489129066467288,"y":-0.92098468542099,"z":0.08897221833467484,"w":0.37761184573173525},"size":1.3478968143463135,"orthographic":false}