{"cameraMode":{"drawMode":0,"name":"Shaded","section":"Shading Mode"},"sceneLighting":false,"audioPlay":false,"sceneViewState":{"m_AlwaysRefresh":false,"showFog":true,"showSkybox":false,"showFlares":true,"showImageEffects":true,"showParticleSystems":true,"showVisualEffectGraphs":true,"m_FxEnabled":true},"in2DMode":false,"pivot":{"x":0.6380045413970947,"y":-0.055872321128845218,"z":1.4638333320617676},"rotation":{"x":-0.0658981129527092,"y":-0.2322162687778473,"z":0.015774134546518327,"w":-0.9703159928321838},"size":2.0660252571105959,"orthographic":false}