{"cameraMode":{"drawMode":0,"name":"Shaded","section":"Shading Mode"},"sceneLighting":true,"audioPlay":false,"sceneViewState":{"m_AlwaysRefresh":false,"showFog":true,"showSkybox":true,"showFlares":true,"showImageEffects":true,"showParticleSystems":true,"showVisualEffectGraphs":true,"m_FxEnabled":true},"in2DMode":false,"pivot":{"x":722.0767211914063,"y":938.234130859375,"z":-39.9237060546875},"rotation":{"x":0.060229115188121799,"y":-0.038611527532339099,"z":0.0023312242701649667,"w":0.9974423050880432},"size":264.6316833496094,"orthographic":false}