{"cameraMode":{"drawMode":0,"name":"Shaded","section":"Shading Mode"},"sceneLighting":false,"audioPlay":false,"sceneViewState":{"m_AlwaysRefresh":false,"showFog":true,"showSkybox":false,"showFlares":true,"showImageEffects":true,"showParticleSystems":true,"showVisualEffectGraphs":true,"m_FxEnabled":true},"in2DMode":false,"pivot":{"x":-2.5820934772491457,"y":0.8325909376144409,"z":-4.214146137237549},"rotation":{"x":-0.3290982246398926,"y":-0.0701698288321495,"z":0.024532414972782136,"w":-0.9413806796073914},"size":0.20527100563049317,"orthographic":false}