{"cameraMode":{"drawMode":0,"name":"Shaded","section":"Shading Mode"},"sceneLighting":false,"audioPlay":false,"sceneViewState":{"m_AlwaysRefresh":false,"showFog":true,"showSkybox":false,"showFlares":true,"showImageEffects":true,"showParticleSystems":true,"showVisualEffectGraphs":true,"m_FxEnabled":true},"in2DMode":false,"pivot":{"x":-0.0635843276977539,"y":-0.9648697376251221,"z":24.664154052734376},"rotation":{"x":-0.16831499338150025,"y":0.48837485909461977,"z":-0.09661684930324555,"w":-0.8507967591285706},"size":5.027402877807617,"orthographic":false}