{"cameraMode":{"drawMode":0,"name":"Shaded","section":"Shading Mode"},"sceneLighting":false,"audioPlay":false,"sceneViewState":{"m_AlwaysRefresh":false,"showFog":true,"showSkybox":false,"showFlares":true,"showImageEffects":true,"showParticleSystems":true,"showVisualEffectGraphs":true,"m_FxEnabled":true},"in2DMode":false,"pivot":{"x":0.07247836887836456,"y":0.9012751579284668,"z":0.2010558694601059},"rotation":{"x":-0.11572723835706711,"y":0.8474185466766357,"z":-0.20630855858325959,"w":-0.4753440320491791},"size":1.7206406593322755,"orthographic":false}