{"cameraMode":{"drawMode":0,"name":"Shaded","section":"Shading Mode"},"sceneLighting":false,"audioPlay":false,"sceneViewState":{"m_AlwaysRefresh":false,"showFog":true,"showSkybox":false,"showFlares":true,"showImageEffects":true,"showParticleSystems":true,"showVisualEffectGraphs":true,"m_FxEnabled":true},"in2DMode":false,"pivot":{"x":-11.040000915527344,"y":32.650001525878909,"z":0.08000001311302185},"rotation":{"x":-0.11572723835706711,"y":0.8474185466766357,"z":-0.20630855858325959,"w":-0.4753440320491791},"size":1.732050895690918,"orthographic":false}