{"cameraMode":{"drawMode":0,"name":"Shaded","section":"Shading Mode"},"sceneLighting":false,"audioPlay":false,"sceneViewState":{"m_AlwaysRefresh":false,"showFog":true,"showSkybox":false,"showFlares":true,"showImageEffects":true,"showParticleSystems":true,"showVisualEffectGraphs":true,"m_FxEnabled":true},"in2DMode":false,"pivot":{"x":0.6917276382446289,"y":-0.34694910049438479,"z":0.2900118827819824},"rotation":{"x":-0.27655142545700076,"y":-0.47090253233909609,"z":0.15831471979618073,"w":-0.8226392269134522},"size":4.767330169677734,"orthographic":false}