{"cameraMode":{"drawMode":0,"name":"Shaded","section":"Shading Mode"},"sceneLighting":false,"audioPlay":false,"sceneViewState":{"m_AlwaysRefresh":false,"showFog":true,"showSkybox":false,"showFlares":true,"showImageEffects":true,"showParticleSystems":true,"showVisualEffectGraphs":true,"m_FxEnabled":true},"in2DMode":false,"pivot":{"x":-3.7930068969726564,"y":1.1344192028045655,"z":-3.9702320098876955},"rotation":{"x":-0.3290982246398926,"y":-0.0701698288321495,"z":0.024532414972782136,"w":-0.9413806796073914},"size":0.8606585264205933,"orthographic":false}