{"cameraMode":{"drawMode":0,"name":"Shaded","section":"Shading Mode"},"sceneLighting":false,"audioPlay":false,"sceneViewState":{"m_AlwaysRefresh":false,"showFog":true,"showSkybox":false,"showFlares":true,"showImageEffects":true,"showParticleSystems":true,"showVisualEffectGraphs":true,"m_FxEnabled":true},"in2DMode":false,"pivot":{"x":0.12501931190490724,"y":0.28611302375793459,"z":3.6547162532806398},"rotation":{"x":0.09891360253095627,"y":-0.0682978704571724,"z":0.006808830890804529,"w":0.9927327036857605},"size":2.6690289974212648,"orthographic":false}