{"cameraMode":{"drawMode":0,"name":"Shaded","section":"Shading Mode"},"sceneLighting":false,"audioPlay":false,"sceneViewState":{"m_AlwaysRefresh":false,"showFog":true,"showSkybox":false,"showFlares":true,"showImageEffects":true,"showParticleSystems":true,"showVisualEffectGraphs":true,"m_FxEnabled":true},"in2DMode":false,"pivot":{"x":-0.9155173897743225,"y":-1.5373659133911133,"z":5.062482833862305},"rotation":{"x":0.18050789833068849,"y":-0.057197943329811099,"z":0.010524201206862927,"w":0.9818726778030396},"size":3.812748908996582,"orthographic":false}