{"cameraMode":{"drawMode":0,"name":"Shaded","section":"Shading Mode"},"sceneLighting":false,"audioPlay":false,"sceneViewState":{"m_AlwaysRefresh":false,"showFog":true,"showSkybox":false,"showFlares":true,"showImageEffects":true,"showParticleSystems":true,"showVisualEffectGraphs":true,"m_FxEnabled":true},"in2DMode":false,"pivot":{"x":0.08931517601013184,"y":1.7254619598388672,"z":28.393226623535158},"rotation":{"x":-0.1687178909778595,"y":0.056738998740911487,"z":-0.00972882378846407,"w":-0.9839973449707031},"size":5.665663242340088,"orthographic":false}