{"cameraMode":{"drawMode":0,"name":"Shaded","section":"Shading Mode"},"sceneLighting":false,"audioPlay":false,"sceneViewState":{"m_AlwaysRefresh":false,"showFog":true,"showSkybox":false,"showFlares":true,"showImageEffects":true,"showParticleSystems":true,"showVisualEffectGraphs":true,"m_FxEnabled":true},"in2DMode":false,"pivot":{"x":-0.04356486350297928,"y":0.37178558111190798,"z":1.047826886177063},"rotation":{"x":-0.0020004548132419588,"y":0.9966351389884949,"z":-0.07820669561624527,"w":-0.025432365015149118},"size":1.0330126285552979,"orthographic":false}