{"cameraMode":{"drawMode":0,"name":"Shaded","section":"Shading Mode"},"sceneLighting":true,"audioPlay":false,"sceneViewState":{"m_AlwaysRefresh":false,"showFog":true,"showSkybox":true,"showFlares":true,"showImageEffects":true,"showParticleSystems":true,"showVisualEffectGraphs":true,"m_FxEnabled":true},"in2DMode":false,"pivot":{"x":1.743311882019043,"y":-0.6026225090026856,"z":0.024415016174316407},"rotation":{"x":-0.4120272397994995,"y":0.02348952926695347,"z":-0.010626484639942646,"w":-0.9108511209487915},"size":4.615606307983398,"orthographic":false}