{"cameraMode":{"drawMode":0,"name":"Shaded","section":"Shading Mode"},"sceneLighting":true,"audioPlay":false,"sceneViewState":{"m_AlwaysRefresh":false,"showFog":true,"showSkybox":true,"showFlares":true,"showImageEffects":true,"showParticleSystems":true,"showVisualEffectGraphs":true,"m_FxEnabled":true},"in2DMode":false,"pivot":{"x":-106.36270141601563,"y":-135.0234832763672,"z":243.82028198242188},"rotation":{"x":-0.2304932177066803,"y":0.19147631525993348,"z":-0.04629870876669884,"w":-0.9529620409011841},"size":160.31777954101563,"orthographic":false}