{"cameraMode":{"drawMode":0,"name":"Shaded","section":"Shading Mode"},"sceneLighting":true,"audioPlay":false,"sceneViewState":{"m_AlwaysRefresh":false,"showFog":true,"showSkybox":true,"showFlares":true,"showImageEffects":true,"showParticleSystems":true,"showVisualEffectGraphs":true,"m_FxEnabled":true},"in2DMode":false,"pivot":{"x":1.5732998847961426,"y":3.9723591804504396,"z":2.6881818771362306},"rotation":{"x":-0.020231807604432107,"y":-0.46142590045928957,"z":0.010532012209296227,"w":-0.886932373046875},"size":10.230387687683106,"orthographic":false}