{"cameraMode":{"drawMode":0,"name":"Shaded","section":"Shading Mode"},"sceneLighting":false,"audioPlay":false,"sceneViewState":{"m_AlwaysRefresh":false,"showFog":true,"showSkybox":false,"showFlares":true,"showImageEffects":true,"showParticleSystems":true,"showVisualEffectGraphs":true,"m_FxEnabled":true},"in2DMode":false,"pivot":{"x":0.8299999237060547,"y":0.5910134315490723,"z":29.670000076293947},"rotation":{"x":-0.11572723835706711,"y":0.8474185466766357,"z":-0.20630855858325959,"w":-0.4753440320491791},"size":3.9455950260162355,"orthographic":false}